Category,URL
Accountants,https://www.zipleaf.us/Products/Accountants
Advertising,https://www.zipleaf.us/Products/Advertising
Agencies,https://www.zipleaf.us/Products/Agencies
Air,https://www.zipleaf.us/Products/Air
Apartments,https://www.zipleaf.us/Products/Apartments
Associations,https://www.zipleaf.us/Products/Associations
Attorneys,https://www.zipleaf.us/Products/Attorneys
Automobile,https://www.zipleaf.us/Products/Automobile
Beauty,https://www.zipleaf.us/Products/Beauty
Body,https://www.zipleaf.us/Products/Body
Building,https://www.zipleaf.us/Products/Building
Business,https://www.zipleaf.us/Products/Business
Care,https://www.zipleaf.us/Products/Care
Cars,https://www.zipleaf.us/Products/Cars
Centers,https://www.zipleaf.us/Products/Centers
Child,https://www.zipleaf.us/Products/Child
Churches,https://www.zipleaf.us/Products/Churches
City,https://www.zipleaf.us/Products/City
Clubs,https://www.zipleaf.us/Products/Clubs
Commercial,https://www.zipleaf.us/Products/Commercial
Companies,https://www.zipleaf.us/Products/Companies
Computer,https://www.zipleaf.us/Products/Computer
Computers,https://www.zipleaf.us/Products/Computers
Consultants,https://www.zipleaf.us/Products/Consultants
Contractors,https://www.zipleaf.us/Products/Contractors
Counselors,https://www.zipleaf.us/Products/Counselors
County,https://www.zipleaf.us/Products/County
Dealers,https://www.zipleaf.us/Products/Dealers
Dentists,https://www.zipleaf.us/Products/Dentists
Designers,https://www.zipleaf.us/Products/Designers
Electric,https://www.zipleaf.us/Products/Electric
Engineers,https://www.zipleaf.us/Products/Engineers
Equip,https://www.zipleaf.us/Products/Equip
Equipment,https://www.zipleaf.us/Products/Equipment
Establishments,https://www.zipleaf.us/Products/Establishments
Furniture,https://www.zipleaf.us/Products/Furniture
General,https://www.zipleaf.us/Products/General
Government,https://www.zipleaf.us/Products/Government
Health,https://www.zipleaf.us/Products/Health
Home,https://www.zipleaf.us/Products/Home
Homes,https://www.zipleaf.us/Products/Homes
Hotels,https://www.zipleaf.us/Products/Hotels
Household,https://www.zipleaf.us/Products/Household
Instruction,https://www.zipleaf.us/Products/Instruction
Insurance,https://www.zipleaf.us/Products/Insurance
Internet services,https://www.zipleaf.us/Products/Internet-services
Management,https://www.zipleaf.us/Products/Management
Manufacturers,https://www.zipleaf.us/Products/Manufacturers
Mfrs,https://www.zipleaf.us/Products/Mfrs
Motels,https://www.zipleaf.us/Products/Motels
Nec,https://www.zipleaf.us/Products/Nec
New,https://www.zipleaf.us/Products/New
Non,https://www.zipleaf.us/Products/Non
Nonclassified,https://www.zipleaf.us/Products/Nonclassified
Offices,https://www.zipleaf.us/Products/Offices
Oil,https://www.zipleaf.us/Products/Oil
Organizations,https://www.zipleaf.us/Products/Organizations
Painting,https://www.zipleaf.us/Products/Painting
Parts,https://www.zipleaf.us/Products/Parts
Physicians,https://www.zipleaf.us/Products/Physicians
Plumbing,https://www.zipleaf.us/Products/Plumbing
Products,https://www.zipleaf.us/Products/Products
Profit,https://www.zipleaf.us/Products/Profit
Public,https://www.zipleaf.us/Products/Public
Repairing,https://www.zipleaf.us/Products/Repairing
Restaurants,https://www.zipleaf.us/Products/Restaurants
Salons,https://www.zipleaf.us/Products/Salons
Schools,https://www.zipleaf.us/Products/Schools
Service,https://www.zipleaf.us/Products/Service
Services,https://www.zipleaf.us/Products/Services
Shops,https://www.zipleaf.us/Products/Shops
Social,https://www.zipleaf.us/Products/Social
Software,https://www.zipleaf.us/Products/Software
State,https://www.zipleaf.us/Products/State
Stations,https://www.zipleaf.us/Products/Stations
Stores,https://www.zipleaf.us/Products/Stores
Supls,https://www.zipleaf.us/Products/Supls
Surgeons,https://www.zipleaf.us/Products/Surgeons
Systems,https://www.zipleaf.us/Products/Systems
Telecommunications,https://www.zipleaf.us/Products/Telecommunications
Trucking,https://www.zipleaf.us/Products/Trucking
Twp,https://www.zipleaf.us/Products/Twp
Used,https://www.zipleaf.us/Products/Used
Village,https://www.zipleaf.us/Products/Village
Whol,https://www.zipleaf.us/Products/Whol
